Houston,El Paso-Miami,Atlanta-Miami,New Orleans-El Paso,Los Angeles-Winnipeg,Calgary-Winnipeg,Sault St Marie-San Francisco,Portland-
Toronto,Duluth-Omaha,Helena-Pittsburgh,Saint Louis-Helena,Duluth-Helena,Seattle-Salt Lake City,Portland-Sault St Marie,Montreal-San Francisco,Portland-
Houston,El Paso-Helena,Duluth-Miami,Atlanta-El Paso,Oklahoma City-El Paso,Los Angeles-Winnipeg,Calgary-Winnipeg,Sault St Marie-Salt Lake City,San Francisco-
Toronto,Duluth-Omaha,Helena-Miami,New Orleans-Helena,Seattle-Salt Lake City,San Francisco-Salt Lake City,Portland-Sault St Marie,Montreal-
Houston,El Paso-Helena,Seattle-Miami,New Orleans-El Paso,Los Angeles-Salt Lake City,San Francisco-Salt Lake City,Portland-San Francisco,Portland-
Toronto,Duluth-Miami,Atlanta-Helena,Duluth-Winnipeg,Calgary-Winnipeg,Sault St Marie-Montreal,Sault St Marie-San Francisco,Portland-
Toronto,Duluth-Miami,Atlanta-Helena,Duluth-Helena,Seattle-Winnipeg,Calgary-Winnipeg,Sault St Marie-San Francisco,Portland-
Houston,El Paso-Miami,New Orleans-El Paso,Los Angeles-Salt Lake City,San Francisco-Salt Lake City,Portland-Sault St Marie,Montreal-San Francisco,Portland-
Houston,El Paso-Omaha,Helena-Helena,Seattle-El Paso,Los Angeles-Winnipeg,Calgary-Salt Lake City,San Francisco-Salt Lake City,Portland-San Francisco,Portland-
Toronto,Duluth-El Paso,Oklahoma City-Miami,Atlanta-Miami,New Orleans-Helena,Duluth-Winnipeg,Sault St Marie-Salt Lake City,San Francisco-Montreal,Sault St Marie-
Houston,El Paso-Helena,Duluth-Miami,Atlanta-Miami,New Orleans-El Paso,Los Angeles-Winnipeg,Calgary-Sault St Marie,Montreal-San Francisco,Portland-
Toronto,Duluth-Omaha,Helena-Helena,Seattle-Winnipeg,Sault St Marie-Salt Lake City,San Francisco-Salt Lake City,Portland-San Francisco,Portland-
Houston,El Paso-Seattle,Helena-Helena,Duluth-Miami,New Orleans-Winnipeg,Calgary-Salt Lake City,Portland-Sault St Marie,Montreal-
Toronto,Duluth-Omaha,Helena-Miami,Atlanta-El Paso,Los Angeles-Winnipeg,Sault St Marie-Salt Lake City,San Francisco-San Francisco,Portland-
Houston,El Paso-Helena,Seattle-Winnipeg,Calgary-Winnipeg,Sault St Marie-Salt Lake City,Portland-Montreal,Sault St Marie-San Francisco,Portland-
Toronto,Duluth-Helena,Duluth-Miami,Atlanta-Miami,New Orleans-El Paso,Oklahoma City-El Paso,Los Angeles-Salt Lake City,San Francisco-San Francisco,Portland-
Toronto,Duluth-El Paso,Oklahoma City-Helena,Duluth-Winnipeg,Calgary-Winnipeg,Sault St Marie-Salt Lake City,Portland-Montreal,Sault St Marie-San Francisco,Portland-
Houston,El Paso-Helena,Seattle-Miami,Atlanta-Miami,New Orleans-El Paso,Los Angeles-Salt Lake City,San Francisco-San Francisco,Portland-
Toronto,Duluth-Houston,El Paso-El Paso,Oklahoma City-Winnipeg,Calgary-Winnipeg,Sault St Marie-Salt Lake City,San Francisco-Montreal,Sault St Marie-
Helena,Duluth-Helena,Seattle-Miami,New Orleans-El Paso,Los Angeles-Salt Lake City,Portland-San Francisco,Portland-
Toronto,Duluth-Houston,El Paso-Omaha,Helena-Helena,Duluth-Miami,Atlanta-El Paso,Oklahoma City-Winnipeg,Calgary-Sault St Marie,Montreal-
Seattle,Helena-Miami,New Orleans-El Paso,Los Angeles-Winnipeg,Sault St Marie-Salt Lake City,Portland-San Francisco,Portland-
Toronto,Duluth-Omaha,Helena-Miami,Atlanta-Helena,Duluth-Winnipeg,Sault St Marie-Salt Lake City,San Francisco-Montreal,Sault St Marie-San Francisco,Portland-
Houston,El Paso-New Orleans,Miami-Helena,Seattle-El Paso,Los Angeles-Winnipeg,Calgary-Salt Lake City,Portland-San Francisco,Portland-
Houston,El Paso-Miami,Atlanta-Miami,New Orleans-Portland,San Francisco-El Paso,Oklahoma City-El Paso,Los Angeles-Winnipeg,Calgary-Salt Lake City,San Francisco-
Toronto,Duluth-Helena,Duluth-Helena,Seattle-Winnipeg,Sault St Marie-Salt Lake City,San Francisco-Salt Lake City,Portland-Montreal,Sault St Marie-San Francisco,Portland-
Toronto,Duluth-Houston,El Paso-Miami,New Orleans-Helena,Duluth-Helena,Seattle-Salt Lake City,San Francisco-Salt Lake City,Portland-
Omaha,Helena-Miami,Atlanta-El Paso,Oklahoma City-El Paso,Los Angeles-Winnipeg,Calgary-Winnipeg,Sault St Marie-Salt Lake City,San Francisco-San Francisco,Portland-
Houston,El Paso-Omaha,Helena-Helena,Seattle-Miami,Atlanta-El Paso,Los Angeles-Winnipeg,Sault St Marie-Salt Lake City,San Francisco-
Toronto,Duluth-El Paso,Oklahoma City-Miami,New Orleans-Helena,Duluth-Winnipeg,Calgary-Salt Lake City,Portland-Sault St Marie,Montreal-San Francisco,Portland-
Toronto,Duluth-New Orleans,Miami-Miami,Atlanta-Helena,Duluth-Helena,Seattle-Winnipeg,Calgary-Sault St Marie,Montreal-San Francisco,Portland-
Houston,El Paso-Omaha,Helena-El Paso,Oklahoma City-El Paso,Los Angeles-Winnipeg,Sault St Marie-Salt Lake City,San Francisco-Salt Lake City,Portland-San Francisco,Portland-
Omaha,Helena-El Paso,Los Angeles-Helena,Duluth-Helena,Seattle-Winnipeg,Calgary-Salt Lake City,Portland-San Francisco,Portland-
Toronto,Duluth-Houston,El Paso-Miami,Atlanta-Miami,New Orleans-El Paso,Oklahoma City-Winnipeg,Sault St Marie-Salt Lake City,San Francisco-Montreal,Sault St Marie-
New Orleans,Miami-Miami,Atlanta-Helena,Seattle-Winnipeg,Calgary-Winnipeg,Sault St Marie-Montreal,Sault St Marie-San Francisco,Portland-
Toronto,Duluth-Houston,El Paso-El Paso,Los Angeles-Helena,Duluth-Salt Lake City,San Francisco-Salt Lake City,Portland-
Seattle,Helena-Miami,New Orleans-Helena,Duluth-Winnipeg,Sault St Marie-Salt Lake City,San Francisco-Salt Lake City,Portland-San Francisco,Portland-
Toronto,Duluth-Houston,El Paso-Pittsburgh,Saint Louis-El Paso,Oklahoma City-El Paso,Los Angeles-Winnipeg,Calgary-Salt Lake City,San Francisco-Sault St Marie,Montreal-
Houston,El Paso-Omaha,Helena-Helena,Duluth-El Paso,Oklahoma City-El Paso,Los Angeles-Winnipeg,Sault St Marie-Salt Lake City,San Francisco-San Francisco,Portland-
Toronto,Duluth-Seattle,Helena-Miami,New Orleans-Winnipeg,Calgary-Salt Lake City,San Francisco-Salt Lake City,Portland-San Francisco,Portland-
Toronto,Duluth-Omaha,Helena-Helena,Duluth-Helena,Seattle-Winnipeg,Calgary-Salt Lake City,Portland-Sault St Marie,Montreal-San Francisco,Portland-
Houston,El Paso-Miami,Atlanta-Miami,New Orleans-El Paso,Los Angeles-Winnipeg,Sault St Marie-Salt Lake City,San Francisco-San Francisco,Portland-
Houston,El Paso-New Orleans,Miami-Helena,Duluth-Helena,Seattle-Miami,Atlanta-Winnipeg,Sault St Marie-Salt Lake City,San Francisco-San Francisco,Portland-
Toronto,Duluth-El Paso,Oklahoma City-El Paso,Los Angeles-Winnipeg,Calgary-Salt Lake City,San Francisco-Salt Lake City,Portland-Sault St Marie,Montreal-San Francisco,Portland-
Houston,El Paso-Helena,Duluth-Helena,Seattle-Miami,New Orleans-El Paso,Los Angeles-Salt Lake City,San Francisco-Salt Lake City,Portland-
Toronto,Duluth-Miami,Atlanta-Oklahoma City,El Paso-Winnipeg,Calgary-Winnipeg,Sault St Marie-Salt Lake City,San Francisco-Montreal,Sault St Marie-San Francisco,Portland-
Toronto,Duluth-Houston,El Paso-Omaha,Helena-Helena,Seattle-Winnipeg,Calgary-Salt Lake City,Portland-Sault St Marie,Montreal-
Helena,Duluth-Miami,New Orleans-El Paso,Oklahoma City-El Paso,Los Angeles-Winnipeg,Sault St Marie-Salt Lake City,San Francisco-San Francisco,Portland-
Toronto,Duluth-Houston,El Paso-Helena,Seattle-Miami,Atlanta-El Paso,Los Angeles-Winnipeg,Sault St Marie-Salt Lake City,San Francisco-
El Paso,Oklahoma City-Miami,New Orleans-Helena,Duluth-Salt Lake City,Portland-Calgary,Winnipeg-San Francisco,Portland-
New Orleans,Miami-Helena,Duluth-Helena,Seattle-Miami,Atlanta-Pittsburgh,Saint Louis-El Paso,Los Angeles-Winnipeg,Calgary-San Francisco,Portland-
Toronto,Duluth-Houston,El Paso-El Paso,Oklahoma City-Winnipeg,Sault St Marie-Salt Lake City,San Francisco-Salt Lake City,Portland-San Francisco,Portland-
Houston,El Paso-Helena,Duluth-El Paso,Oklahoma City-El Paso,Los Angeles-Winnipeg,Sault St Marie-Salt Lake City,San Francisco-San Francisco,Portland-
Toronto,Duluth-Seattle,Helena-Miami,New Orleans-Pittsburgh,Saint Louis-Winnipeg,Calgary-Salt Lake City,San Francisco-Salt Lake City,Portland-Sault St Marie,Montreal-
Toronto,Duluth-Omaha,Helena-Helena,Seattle-El Paso,Los Angeles-Winnipeg,Sault St Marie-Salt Lake City,San Francisco-San Francisco,Portland-
Houston,El Paso-Helena,Duluth-Miami,Atlanta-Miami,New Orleans-Winnipeg,Calgary-Salt Lake City,Portland-Sault St Marie,Montreal-San Francisco,Portland-
Toronto,Duluth-Houston,El Paso-Miami,Atlanta-Miami,New Orleans-Helena,Duluth-Helena,Seattle-Salt Lake City,San Francisco-Sault St Marie,Montreal-
Omaha,Helena-El Paso,Los Angeles-Winnipeg,Calgary-Winnipeg,Sault St Marie-Salt Lake City,San Francisco-Salt Lake City,Portland-
Toronto,Duluth-New Orleans,Miami-Helena,Duluth-Helena,Seattle-Winnipeg,Calgary-Sault St Marie,Montreal-San Francisco,Portland-
Houston,El Paso-El Paso,Oklahoma City-El Paso,Los Angeles-Winnipeg,Sault St Marie-Salt Lake City,San Francisco-Salt Lake City,Portland-
Houston,El Paso-Omaha,Helena-Helena,Duluth-Miami,Atlanta-Oklahoma City,El Paso-El Paso,Los Angeles-Winnipeg,Calgary-San Francisco,Portland-
Toronto,Duluth-Seattle,Helena-Miami,New Orleans-Winnipeg,Sault St Marie-Salt Lake City,San Francisco-Salt Lake City,Portland-Montreal,Sault St Marie-
Toronto,Duluth-Miami,New Orleans-Winnipeg,Sault St Marie-Salt Lake City,San Francisco-Salt Lake City,Portland-Montreal,Sault St Marie-San Francisco,Portland-
Houston,El Paso-Helena,Duluth-Helena,Seattle-Miami,Atlanta-El Paso,Los Angeles-Winnipeg,Calgary-San Francisco,Portland-
Toronto,Duluth-Houston,El Paso-El Paso,Oklahoma City-Miami,Atlanta-Miami,New Orleans-Helena,Duluth-Salt Lake City,San Francisco-
Helena,Seattle-El Paso,Los Angeles-Winnipeg,Calgary-Winnipeg,Sault St Marie-Salt Lake City,San Francisco-Salt Lake City,Portland-San Francisco,Portland-
Toronto,Duluth-Houston,El Paso-Helena,Duluth-Miami,Atlanta-Miami,New Orleans-El Paso,Los Angeles-Salt Lake City,San Francisco-
Helena,Seattle-Winnipeg,Calgary-Winnipeg,Sault St Marie-Salt Lake City,San Francisco-Salt Lake City,Portland-Montreal,Sault St Marie-San Francisco,Portland-
Houston,El Paso-Seattle,Helena-Helena,Duluth-Miami,New Orleans-Pittsburgh,Saint Louis-Winnipeg,Calgary-Sault St Marie,Montreal-San Francisco,Portland-
Toronto,Duluth-El Paso,Oklahoma City-El Paso,Los Angeles-Winnipeg,Sault St Marie-Salt Lake City,San Francisco-Salt Lake City,Portland-San Francisco,Portland-
Toronto,Duluth-Houston,El Paso-Helena,Seattle-Miami,Atlanta-Pittsburgh,Saint Louis-El Paso,Los Angeles-Winnipeg,Calgary-San Francisco,Portland-
El Paso,Oklahoma City-Miami,New Orleans-Helena,Duluth-Winnipeg,Sault St Marie-Salt Lake City,San Francisco-Salt Lake City,Portland-Montreal,Sault St Marie-San Francisco,Portland-
Toronto,Duluth-El Paso,Oklahoma City-Miami,New Orleans-Helena,Duluth-Winnipeg,Calgary-Salt Lake City,Portland-Sault St Marie,Montreal-San Francisco,Portland-
Houston,El Paso-Helena,Seattle-El Paso,Los Angeles-Winnipeg,Sault St Marie-Salt Lake City,San Francisco-San Francisco,Portland-
Houston,El Paso-Helena,Duluth-Helena,Seattle-Winnipeg,Sault St Marie-Salt Lake City,San Francisco-Salt Lake City,Portland-Montreal,Sault St Marie-San Francisco,Portland-
Toronto,Duluth-Miami,Atlanta-Miami,New Orleans-El Paso,Los Angeles-Winnipeg,Calgary-Salt Lake City,San Francisco-San Francisco,Portland-
Houston,El Paso-Helena,Duluth-Miami,New Orleans-El Paso,Oklahoma City-Winnipeg,Calgary-Sault St Marie,Montreal-San Francisco,Portland-
Toronto,Duluth-Helena,Seattle-Miami,Atlanta-El Paso,Los Angeles-Winnipeg,Sault St Marie-Salt Lake City,San Francisco-Salt Lake City,Portland-
Houston,El Paso-New Orleans,Miami-Helena,Seattle-Winnipeg,Sault St Marie-Salt Lake City,San Francisco-Salt Lake City,Portland-Montreal,Sault St Marie-San Francisco,Portland-
Toronto,Duluth-Omaha,Helena-Helena,Duluth-Miami,Atlanta-El Paso,Los Angeles-Winnipeg,Calgary-San Francisco,Portland-
New Orleans,Miami-Helena,Duluth-Helena,Seattle-El Paso,Los Angeles-Winnipeg,Sault St Marie-Salt Lake City,Portland-San Francisco,Portland-
Toronto,Duluth-Houston,El Paso-Omaha,Helena-Atlanta,Miami-El Paso,Oklahoma City-Winnipeg,Calgary-Sault St Marie,Montreal-San Francisco,Portland-
Houston,El Paso-Miami,New Orleans-Helena,Duluth-Helena,Seattle-Salt Lake City,San Francisco-Salt Lake City,Portland-Sault St Marie,Montreal-San Francisco,Portland-
Toronto,Duluth-Atlanta,Miami-El Paso,Oklahoma City-El Paso,Los Angeles-Winnipeg,Calgary-Winnipeg,Sault St Marie-Salt Lake City,San Francisco-San Francisco,Portland-
Toronto,Duluth-Houston,El Paso-Omaha,Helena-Helena,Duluth-Winnipeg,Calgary-Salt Lake City,Portland-Sault St Marie,Montreal-
Seattle,Helena-Miami,Atlanta-Miami,New Orleans-El Paso,Los Angeles-Winnipeg,Sault St Marie-Salt Lake City,San Francisco-San Francisco,Portland-
Miami,New Orleans-El Paso,Los Angeles-Winnipeg,Sault St Marie-Salt Lake City,San Francisco-Salt Lake City,Portland-San Francisco,Portland-
Toronto,Duluth-Houston,El Paso-Miami,Atlanta-Pittsburgh,Saint Louis-Helena,Duluth-Helena,Seattle-Winnipeg,Calgary-Sault St Marie,Montreal-
Omaha,Helena-El Paso,Los Angeles-Helena,Duluth-Helena,Seattle-Salt Lake City,San Francisco-Salt Lake City,Portland-San Francisco,Portland-
Toronto,Duluth-Houston,El Paso-Miami,New Orleans-Pittsburgh,Saint Louis-Winnipeg,Calgary-Winnipeg,Sault St Marie-Montreal,Sault St Marie-
Houston,El Paso-Helena,Duluth-Miami,New Orleans-Pittsburgh,Saint Louis-El Paso,Oklahoma City-El Paso,Los Angeles-Winnipeg,Calgary-San Francisco,Portland-
Toronto,Duluth-Omaha,Helena-Helena,Seattle-Winnipeg,Sault St Marie-Salt Lake City,Portland-Montreal,Sault St Marie-San Francisco,Portland-
Toronto,Duluth-Houston,El Paso-El Paso,Los Angeles-Miami,New Orleans-Helena,Duluth-Salt Lake City,San Francisco-Salt Lake City,Portland-
Miami,Atlanta-Helena,Seattle-Winnipeg,Calgary-Winnipeg,Sault St Marie-Salt Lake City,San Francisco-Montreal,Sault St Marie-San Francisco,Portland-
Toronto,Duluth-Houston,El Paso-Helena,Duluth-Miami,Atlanta-Miami,New Orleans-El Paso,Oklahoma City-El Paso,Los Angeles-Salt Lake City,San Francisco-
Helena,Seattle-Winnipeg,Calgary-Winnipeg,Sault St Marie-Salt Lake City,San Francisco-Salt Lake City,Portland-Montreal,Sault St Marie-San Francisco,Portland-
Toronto,Duluth-Miami,New Orleans-El Paso,Oklahoma City-El Paso,Los Angeles-Winnipeg,Calgary-Winnipeg,Sault St Marie-Salt Lake City,San Francisco-San Francisco,Portland-
Houston,El Paso-Omaha,Helena-Helena,Duluth-Helena,Seattle-Salt Lake City,San Francisco-Salt Lake City,Portland-Sault St Marie,Montreal-San Francisco,Portland-
Miami,Atlanta-Helena,Duluth-Helena,Seattle-Winnipeg,Calgary-Winnipeg,Sault St Marie-Montreal,Sault St Marie-San Francisco,Portland-
Toronto,Duluth-Houston,El Paso-Miami,New Orleans-El Paso,Oklahoma City-El Paso,Los Angeles-Salt Lake City,San Francisco-Salt Lake City,Portland-
Toronto,Duluth-Houston,El Paso-Omaha,Helena-Helena,Seattle-El Paso,Los Angeles-Salt Lake City,San Francisco-Salt Lake City,Portland-San Francisco,Portland-
Portland,San Francisco-El Paso,Oklahoma City-Miami,Atlanta-Miami,New Orleans-Helena,Duluth-Winnipeg,Calgary-Winnipeg,Sault St Marie-Montreal,Sault St Marie-
Toronto,Duluth-Helena,Seattle-Miami,New Orleans-Pittsburgh,Saint Louis-El Paso,Los Angeles-Salt Lake City,San Francisco-Salt Lake City,Portland-
Houston,El Paso-Helena,Duluth-Winnipeg,Calgary-Winnipeg,Sault St Marie-Montreal,Sault St Marie-San Francisco,Portland-
New Orleans,Miami-Helena,Seattle-El Paso,Los Angeles-Winnipeg,Calgary-Salt Lake City,Portland-San Francisco,Portland-
Toronto,Duluth-Houston,El Paso-Omaha,Helena-El Paso,Oklahoma City-Miami,Atlanta-Helena,Duluth-Winnipeg,Sault St Marie-Montreal,Sault St Marie-
Houston,El Paso-Helena,Duluth-Helena,Seattle-Winnipeg,Sault St Marie-Salt Lake City,San Francisco-Salt Lake City,Portland-Montreal,Sault St Marie-San Francisco,Portland-
Toronto,Duluth-Miami,Atlanta-Miami,New Orleans-El Paso,Los Angeles-Winnipeg,Calgary-Salt Lake City,San Francisco-San Francisco,Portland-
Toronto,Duluth-Houston,El Paso-El Paso,Oklahoma City-El Paso,Los Angeles-Salt Lake City,San Francisco-Salt Lake City,Portland-San Francisco,Portland-
New Orleans,Miami-Miami,Atlanta-Pittsburgh,Saint Louis-Helena,Duluth-Helena,Seattle-Winnipeg,Calgary-Winnipeg,Sault St Marie-San Francisco,Portland-
Toronto,Duluth-Miami,Atlanta-El Paso,Los Angeles-Winnipeg,Calgary-Winnipeg,Sault St Marie-Salt Lake City,San Francisco-San Francisco,Portland-
Houston,El Paso-Miami,New Orleans-Pittsburgh,Saint Louis-Helena,Duluth-Helena,Seattle-Salt Lake City,San Francisco-Salt Lake City,Portland-San Francisco,Portland-
Toronto,Duluth-El Paso,Oklahoma City-Miami,New Orleans-Helena,Duluth-Winnipeg,Sault St Marie-Salt Lake City,Portland-Montreal,Sault St Marie-San Francisco,Portland-
Houston,El Paso-Helena,Seattle-Miami,Atlanta-El Paso,Los Angeles-Winnipeg,Calgary-San Francisco,Portland-
Toronto,Duluth-Houston,El Paso-Omaha,Helena-Helena,Duluth-El Paso,Oklahoma City-Salt Lake City,San Francisco-Salt Lake City,Portland-Sault St Marie,Montreal-
Seattle,Helena-Miami,Atlanta-Miami,New Orleans-El Paso,Los Angeles-Winnipeg,Calgary-Winnipeg,Sault St Marie-Salt Lake City,San Francisco-
El Paso,Oklahoma City-El Paso,Los Angeles-Pittsburgh,Saint Louis-Helena,Duluth-Winnipeg,Calgary-Winnipeg,Sault St Marie-San Francisco,Portland-
Toronto,Duluth-Houston,El Paso-Helena,Seattle-Miami,New Orleans-Salt Lake City,San Francisco-Salt Lake City,Portland-Sault St Marie,Montreal-
Houston,El Paso-Helena,Seattle-Winnipeg,Calgary-Salt Lake City,San Francisco-Salt Lake City,Portland-Sault St Marie,Montreal-
Toronto,Duluth-Helena,Duluth-Miami,Atlanta-Miami,New Orleans-El Paso,Oklahoma City-El Paso,Los Angeles-Winnipeg,Sault St Marie-Salt Lake City,San Francisco-
Houston,El Paso-Helena,Duluth-Helena,Seattle-Miami,New Orleans-El Paso,Los Angeles-Salt Lake City,San Francisco-San Francisco,Portland-
Toronto,Duluth-Omaha,Helena-El Paso,Oklahoma City-Winnipeg,Calgary-Winnipeg,Sault St Marie-Salt Lake City,San Francisco-Salt Lake City,Portland-San Francisco,Portland-
Toronto,Duluth-Houston,El Paso-Seattle,Helena-Miami,New Orleans-Winnipeg,Calgary-Salt Lake City,Portland-Sault St Marie,Montreal-
Helena,Duluth-El Paso,Oklahoma City-El Paso,Los Angeles-Winnipeg,Sault St Marie-Salt Lake City,San Francisco-San Francisco,Portland-
Toronto,Duluth-Miami,Atlanta-Helena,Duluth-Helena,Seattle-Winnipeg,Sault St Marie-Salt Lake City,San Francisco-Montreal,Sault St Marie-San Francisco,Portland-
Houston,El Paso-Miami,New Orleans-El Paso,Los Angeles-Winnipeg,Calgary-Salt Lake City,San Francisco-Salt Lake City,Portland-San Francisco,Portland-
Toronto,Duluth-Houston,El Paso-Omaha,Helena-Miami,Atlanta-El Paso,Los Angeles-Winnipeg,Calgary-Salt Lake City,San Francisco-Sault St Marie,Montreal-
New Orleans,Miami-El Paso,Oklahoma City-Helena,Duluth-Helena,Seattle-Winnipeg,Sault St Marie-Salt Lake City,San Francisco-Salt Lake City,Portland-
Houston,El Paso-Helena,Duluth-Winnipeg,Calgary-Winnipeg,Sault St Marie-Salt Lake City,Portland-Montreal,Sault St Marie-San Francisco,Portland-
Toronto,Duluth-Helena,Seattle-Miami,Atlanta-Miami,New Orleans-El Paso,Los Angeles-Salt Lake City,San Francisco-San Francisco,Portland-
Helena,Seattle-Winnipeg,Calgary-Winnipeg,Sault St Marie-Salt Lake City,San Francisco-Salt Lake City,Portland-Montreal,Sault St Marie-San Francisco,Portland-
Toronto,Duluth-Houston,El Paso-El Paso,Oklahoma City-El Paso,Los Angeles-Miami,Atlanta-Miami,New Orleans-Helena,Duluth-Salt Lake City,San Francisco-
Toronto,Duluth-Omaha,Helena-Helena,Duluth-Miami,Atlanta-El Paso,Los Angeles-Winnipeg,Sault St Marie-Salt Lake City,San Francisco-San Francisco,Portland-
Houston,El Paso-Seattle,Helena-Miami,New Orleans-Winnipeg,Calgary-Salt Lake City,San Francisco-Salt Lake City,Portland-Sault St Marie,Montreal-San Francisco,Portland-
Toronto,Duluth-Houston,El Paso-El Paso,Los Angeles-Miami,New Orleans-Helena,Duluth-Helena,Seattle-Salt Lake City,San Francisco-
Pittsburgh,Saint Louis-El Paso,Oklahoma City-Winnipeg,Calgary-Winnipeg,Sault St Marie-Salt Lake City,Portland-Montreal,Sault St Marie-San Francisco,Portland-
Toronto,Duluth-Houston,El Paso-El Paso,Oklahoma City-El Paso,Los Angeles-Winnipeg,Calgary-San Francisco,Portland-
New Orleans,Miami-Pittsburgh,Saint Louis-Helena,Duluth-Helena,Seattle-Winnipeg,Sault St Marie-Salt Lake City,Portland-Montreal,Sault St Marie-San Francisco,Portland-
Houston,El Paso-Helena,Seattle-Winnipeg,Sault St Marie-Salt Lake City,San Francisco-Salt Lake City,Portland-Montreal,Sault St Marie-San Francisco,Portland-
Toronto,Duluth-Portland,San Francisco-Helena,Duluth-Miami,Atlanta-Miami,New Orleans-El Paso,Oklahoma City-El Paso,Los Angeles-Winnipeg,Calgary-
Houston,El Paso-El Paso,Oklahoma City-Helena,Duluth-Winnipeg,Calgary-Winnipeg,Sault St Marie-Salt Lake City,Portland-Montreal,Sault St Marie-San Francisco,Portland-
Toronto,Duluth-El Paso,Los Angeles-Miami,Atlanta-Miami,New Orleans-Helena,Seattle-Salt Lake City,San Francisco-San Francisco,Portland-
Houston,El Paso-Miami,New Orleans-El Paso,Oklahoma City-El Paso,Los Angeles-Winnipeg,Sault St Marie-Salt Lake City,San Francisco-Salt Lake City,Portland-San Francisco,Portland-
Toronto,Duluth-Omaha,Helena-Miami,Atlanta-Helena,Duluth-Helena,Seattle-Winnipeg,Calgary-San Francisco,Portland-
Houston,El Paso-Helena,Duluth-Miami,Atlanta-El Paso,Los Angeles-Winnipeg,Calgary-Winnipeg,Sault St Marie-San Francisco,Portland-
Toronto,Duluth-Miami,New Orleans-Helena,Seattle-Salt Lake City,San Francisco-Salt Lake City,Portland-Sault St Marie,Montreal-San Francisco,Portland-
Houston,El Paso-Helena,Seattle-El Paso,Los Angeles-Winnipeg,Calgary-Salt Lake City,San Francisco-Salt Lake City,Portland-San Francisco,Portland-
Toronto,Duluth-El Paso,Oklahoma City-Miami,Atlanta-Miami,New Orleans-Helena,Duluth-Winnipeg,Sault St Marie-Salt Lake City,San Francisco-San Francisco,Portland-
Houston,El Paso-Miami,Atlanta-Miami,New Orleans-Oklahoma City,El Paso-El Paso,Los Angeles-Winnipeg,Calgary-Winnipeg,Sault St Marie-San Francisco,Portland-
Toronto,Duluth-Omaha,Helena-Helena,Duluth-Helena,Seattle-Salt Lake City,San Francisco-Salt Lake City,Portland-Sault St Marie,Montreal-San Francisco,Portland-
Miami,Atlanta-Helena,Duluth-Helena,Seattle-Winnipeg,Calgary-Winnipeg,Sault St Marie-San Francisco,Portland-
Toronto,Duluth-Houston,El Paso-Miami,New Orleans-Pittsburgh,Saint Louis-El Paso,Los Angeles-Salt Lake City,San Francisco-Salt Lake City,Portland-
Houston,El Paso-Omaha,Helena-Helena,Seattle-El Paso,Los Angeles-Winnipeg,Calgary-Salt Lake City,San Francisco-Salt Lake City,Portland-San Francisco,Portland-
Toronto,Duluth-El Paso,Oklahoma City-Miami,New Orleans-Helena,Duluth-Winnipeg,Sault St Marie-Salt Lake City,San Francisco-Montreal,Sault St Marie-San Francisco,Portland-
Toronto,Duluth-Miami,New Orleans-El Paso,Los Angeles-Salt Lake City,San Francisco-Salt Lake City,Portland-San Francisco,Portland-
Houston,El Paso-Miami,Atlanta-Helena,Duluth-Helena,Seattle-Winnipeg,Calgary-Winnipeg,Sault St Marie-Montreal,Sault St Marie-San Francisco,Portland-
Toronto,Duluth-El Paso,Oklahoma City-Miami,New Orleans-Helena,Duluth-Winnipeg,Calgary-Winnipeg,Sault St Marie-Montreal,Sault St Marie-San Francisco,Portland-
Houston,El Paso-Omaha,Helena-Helena,Seattle-El Paso,Los Angeles-Salt Lake City,San Francisco-Salt Lake City,Portland-San Francisco,Portland-
Miami,New Orleans-Helena,Duluth-Helena,Seattle-Salt Lake City,Portland-Calgary,Winnipeg-San Francisco,Portland-
Toronto,Duluth-Houston,El Paso-Miami,Atlanta-El Paso,Los Angeles-Winnipeg,Sault St Marie-Salt Lake City,San Francisco-Montreal,Sault St Marie-
Houston,El Paso-Seattle,Helena-Miami,Atlanta-Miami,New Orleans-Winnipeg,Calgary-Winnipeg,Sault St Marie-Salt Lake City,San Francisco-San Francisco,Portland-
Toronto,Duluth-Omaha,Helena-El Paso,Oklahoma City-El Paso,Los Angeles-Pittsburgh,Saint Louis-Helena,Duluth-Salt Lake City,San Francisco-Salt Lake City,Portland-
Toronto,Duluth-Miami,Atlanta-Miami,New Orleans-El Paso,Oklahoma City-Winnipeg,Calgary-Winnipeg,Sault St Marie-Salt Lake City,San Francisco-Montreal,Sault St Marie-
Houston,El Paso-Omaha,Helena-Helena,Duluth-Helena,Seattle-El Paso,Los Angeles-Salt Lake City,San Francisco-Salt Lake City,Portland-San Francisco,Portland-
Toronto,Duluth-Miami,Atlanta-Miami,New Orleans-Oklahoma City,El Paso-El Paso,Los Angeles-Salt Lake City,San Francisco-Calgary,Winnipeg-San Francisco,Portland-
Houston,El Paso-Helena,Duluth-Helena,Seattle-Winnipeg,Sault St Marie-Salt Lake City,San Francisco-Salt Lake City,Portland-Montreal,Sault St Marie-San Francisco,Portland-
Houston,El Paso-El Paso,Oklahoma City-El Paso,Los Angeles-Winnipeg,Sault St Marie-Salt Lake City,San Francisco-Salt Lake City,Portland-San Francisco,Portland-
Toronto,Duluth-New Orleans,Miami-Miami,Atlanta-Helena,Duluth-Helena,Seattle-Winnipeg,Calgary-Sault St Marie,Montreal-San Francisco,Portland-
Houston,El Paso-El Paso,Oklahoma City-El Paso,Los Angeles-Miami,Atlanta-Miami,New Orleans-Portland,San Francisco-Helena,Duluth-Salt Lake City,San Francisco-
Toronto,Duluth-Helena,Seattle-Winnipeg,Calgary-Winnipeg,Sault St Marie-Salt Lake City,Portland-Montreal,Sault St Marie-San Francisco,Portland-
Toronto,Duluth-New Orleans,Miami-Helena,Seattle-Winnipeg,Calgary-Salt Lake City,San Francisco-Salt Lake City,Portland-Sault St Marie,Montreal-San Francisco,Portland-
Houston,El Paso-El Paso,Los Angeles-Helena,Duluth-Winnipeg,Sault St Marie-Salt Lake City,San Francisco-San Francisco,Portland-
El Paso,Oklahoma City-Helena,Duluth-Winnipeg,Calgary-Winnipeg,Sault St Marie-Salt Lake City,Portland-Montreal,Sault St Marie-San Francisco,Portland-
Toronto,Duluth-Houston,El Paso-Helena,Seattle-Miami,New Orleans-El Paso,Los Angeles-Salt Lake City,San Francisco-
Houston,El Paso-Seattle,Helena-Helena,Duluth-Miami,New Orleans-Winnipeg,Sault St Marie-Salt Lake City,San Francisco-Montreal,Sault St Marie-San Francisco,Portland-
Toronto,Duluth-Omaha,Helena-El Paso,Oklahoma City-El Paso,Los Angeles-Winnipeg,Calgary-Salt Lake City,San Francisco-Salt Lake City,Portland-San Francisco,Portland-
Houston,El Paso-Miami,Atlanta-Helena,Seattle-Winnipeg,Calgary-Winnipeg,Sault St Marie-Salt Lake City,San Francisco-Montreal,Sault St Marie-San Francisco,Portland-
Toronto,Duluth-Helena,Duluth-Miami,New Orleans-El Paso,Los Angeles-Salt Lake City,San Francisco-Salt Lake City,Portland-San Francisco,Portland-
Houston,El Paso-Miami,Atlanta-Miami,New Orleans-El Paso,Los Angeles-Winnipeg,Sault St Marie-Salt Lake City,San Francisco-San Francisco,Portland-
Toronto,Duluth-Omaha,Helena-Helena,Duluth-Helena,Seattle-Winnipeg,Calgary-Salt Lake City,San Francisco-Salt Lake City,Portland-Sault St Marie,Montreal-
Houston,El Paso-Miami,New Orleans-El Paso,Oklahoma City-El Paso,Los Angeles-Salt Lake City,San Francisco-Salt Lake City,Portland-San Francisco,Portland-
Toronto,Duluth-Miami,Atlanta-Helena,Duluth-Helena,Seattle-Winnipeg,Calgary-Winnipeg,Sault St Marie-San Francisco,Portland-
Houston,El Paso-Omaha,Helena-Miami,Atlanta-El Paso,Oklahoma City-El Paso,Los Angeles-Winnipeg,Calgary-Winnipeg,Sault St Marie-Salt Lake City,San Francisco-
Toronto,Duluth-Miami,New Orleans-Helena,Duluth-Helena,Seattle-Salt Lake City,Portland-Sault St Marie,Montreal-San Francisco,Portland-
Houston,El Paso-Helena,Duluth-Miami,Atlanta-Miami,New Orleans-Oklahoma City,El Paso-El Paso,Los Angeles-Winnipeg,Calgary-San Francisco,Portland-
Toronto,Duluth-Helena,Seattle-Winnipeg,Sault St Marie-Salt Lake City,Portland-Montreal,Sault St Marie-San Francisco,Portland-
Toronto,Duluth-Houston,El Paso-Helena,Seattle-El Paso,Los Angeles-Salt Lake City,San Francisco-Salt Lake City,Portland-San Francisco,Portland-
Miami,Atlanta-Miami,New Orleans-Pittsburgh,Saint Louis-Helena,Duluth-Winnipeg,Calgary-Winnipeg,Sault St Marie-Montreal,Sault St Marie-San Francisco,Portland-
Omaha,Helena-Helena,Duluth-Helena,Seattle-Winnipeg,Sault St Marie-Salt Lake City,San Francisco-Salt Lake City,Portland-Montreal,Sault St Marie-San Francisco,Portland-
Toronto,Duluth-Houston,El Paso-Miami,Atlanta-Miami,New Orleans-El Paso,Oklahoma City-El Paso,Los Angeles-Winnipeg,Calgary-Salt Lake City,San Francisco-
Toronto,Duluth-Houston,El Paso-Helena,Seattle-El Paso,Los Angeles-Winnipeg,Calgary-Salt Lake City,San Francisco-Salt Lake City,Portland-
El Paso,Oklahoma City-Miami,New Orleans-Helena,Duluth-Winnipeg,Sault St Marie-Salt Lake City,San Francisco-Montreal,Sault St Marie-San Francisco,Portland-
Houston,El Paso-El Paso,Oklahoma City-Helena,Duluth-Winnipeg,Calgary-Winnipeg,Sault St Marie-Salt Lake City,Portland-Montreal,Sault St Marie-San Francisco,Portland-
Toronto,Duluth-Helena,Seattle-Miami,Atlanta-Miami,New Orleans-El Paso,Los Angeles-Salt Lake City,San Francisco-San Francisco,Portland-
New Orleans,Miami-Helena,Duluth-Helena,Seattle-El Paso,Los Angeles-Winnipeg,Calgary-Salt Lake City,Portland-San Francisco,Portland-
Toronto,Duluth-Houston,El Paso-Miami,Atlanta-Winnipeg,Sault St Marie-Salt Lake City,San Francisco-Montreal,Sault St Marie-San Francisco,Portland-
Houston,El Paso-Omaha,Helena-Helena,Duluth-Miami,Atlanta-El Paso,Los Angeles-Winnipeg,Calgary-
Toronto,Duluth-Seattle,Helena-Miami,New Orleans-Winnipeg,Sault St Marie-Salt Lake City,San Francisco-Salt Lake City,Portland-Montreal,Sault St Marie-
Houston,El Paso-Helena,Seattle-Winnipeg,Sault St Marie-Salt Lake City,San Francisco-Salt Lake City,Portland-Montreal,Sault St Marie-San Francisco,Portland-
Toronto,Duluth-El Paso,Los Angeles-Miami,Atlanta-Miami,New Orleans-Helena,Duluth-Winnipeg,Calgary-San Francisco,Portland-
